SalePrice,GrLivArea,TotalSF,OverallQual,HouseAge,GarageCars,location_id,property_id,time_id,fact_id
208500,1710,2566,7,5,2,1,1,1,1
181500,1262,2524,6,31,2,2,2,2,2
223500,1786,2706,7,7,2,1,1,3,3
140000,1717,2473,7,91,3,3,1,4,4
250000,2198,3343,8,8,3,4,3,5,5
143000,1362,2158,5,16,2,5,4,6,6
307000,1694,3380,8,3,2,6,5,7,7
200000,2090,3197,7,36,2,7,1,8,8
129900,1774,2726,7,77,2,8,6,9,9
118000,1077,2068,5,69,1,9,7,10,10
129500,1040,2080,5,43,1,10,8,1,11
345000,2324,3499,9,1,3,11,9,11,12
144000,912,1824,5,46,1,10,8,3,13
279500,1494,2988,7,1,3,1,10,7,14
157000,1253,2506,6,48,1,12,2,12,15
132000,854,1686,7,78,2,13,11,13,16
149000,1004,2008,6,40,2,12,2,14,17
90000,1296,1296,4,39,2,10,12,15,18
159000,1114,2228,5,4,2,14,8,16,19
139000,1339,2368,5,51,1,12,8,17,20
325300,2376,3534,8,1,3,11,3,18,21
139400,1108,1745,7,77,1,15,11,19,22
230000,1795,3572,8,6,2,1,5,3,23
129900,1060,2100,5,31,2,16,13,19,24
154000,1060,2120,5,42,1,10,8,20,25
256300,1600,3166,8,2,3,11,5,21,26
134800,900,1800,5,59,2,12,8,20,27
306000,1704,3408,8,3,3,11,5,20,28
207500,1600,3084,5,49,1,12,8,22,29
68500,520,1040,4,81,1,13,14,12,30
40000,1317,1966,4,88,1,17,15,23,31
149350,1228,2456,5,42,1,10,8,16,32
179900,1234,2468,8,1,2,1,5,10,33
165500,1700,3098,5,51,2,12,8,24,34
277500,1561,3122,9,2,2,11,16,7,35
309000,2452,3569,8,2,3,11,3,25,36
145000,1097,2194,5,15,2,1,8,26,37
153000,1297,2594,5,55,2,12,8,6,38
109000,1057,2114,5,57,1,12,8,27,39
82000,1152,1152,4,53,0,18,12,16,40
160000,1324,2412,6,41,2,12,2,22,41
170000,1328,2678,5,48,1,19,8,13,42
144000,884,1724,5,24,2,14,17,28,43
130250,938,1876,5,33,1,1,8,23,44
141000,1150,2300,5,47,1,12,8,29,45
319900,1752,3504,9,5,2,11,16,30,46
239686,2149,3583,7,6,2,5,6,31,47
249700,1656,3312,8,1,3,20,5,13,48
113000,1452,2188,4,89,0,8,18,26,49
127000,955,1910,5,41,1,10,8,32,50
177000,1470,2264,6,10,2,21,19,13,51
114500,1176,1632,6,72,2,13,20,25,52
110000,816,1632,5,47,2,15,21,20,53
385000,1842,3684,9,25,3,2,22,18,54
130000,1360,1744,5,52,2,12,23,33,55
180500,1425,2850,6,44,2,12,2,23,56
172500,1739,2709,8,10,2,20,24,31,57
196500,1720,2580,7,2,2,1,1,34,58
438780,2945,4355,10,0,3,22,25,15,59
124900,780,1560,5,36,1,1,8,10,60
158000,1158,2316,6,2,2,14,2,29,61
101000,1111,1641,5,87,1,15,26,35,62
202500,1370,2740,8,1,2,11,27,36,63
140000,1710,2286,7,89,2,8,1,24,64
219500,2034,3091,7,12,2,1,1,37,65
317000,2473,3616,8,3,3,11,3,36,66
180000,2207,4154,7,40,2,12,10,38,67
226000,1479,2932,7,4,2,1,10,19,68
80000,747,1494,4,65,1,8,14,39,69
225000,2287,3591,7,53,2,23,6,11,70
244000,2223,4446,7,34,2,12,10,33,71
129500,845,1690,4,25,2,5,14,19,72
185000,1718,2550,7,11,2,21,1,40,73
144900,1086,2172,5,56,2,12,8,20,74
107400,1605,2445,3,95,1,8,28,20,75
91000,988,1450,4,36,1,16,29,8,76
135750,952,1904,4,52,1,12,14,9,77
127000,1285,1957,5,60,1,13,4,10,78
136500,1768,3536,4,42,0,10,12,24,79
110000,1230,1670,5,99,2,8,30,17,80
193500,2142,3038,6,41,1,12,19,26,81
153500,1337,2574,6,8,2,24,31,41,82
245000,1563,3126,8,1,3,6,5,42,83
126500,1065,2130,5,47,2,12,8,13,84
168500,1474,1858,7,14,2,21,32,17,85
260000,2417,3705,8,15,2,4,3,43,86
174000,1560,2244,6,4,2,21,19,44,87
164500,1224,1836,6,0,2,20,33,26,88
85000,1526,2026,3,94,0,17,34,6,89
123600,990,1980,4,13,0,1,14,7,90
109900,1040,1040,4,56,2,12,14,11,91
98600,1235,2470,5,45,2,12,8,22,92
163500,964,1840,5,88,2,3,8,31,93
133900,2291,3505,6,97,2,25,35,45,94
204750,1786,2610,6,10,2,1,19,2,95
185000,1470,2150,6,16,2,21,19,46,96
214000,1588,3176,7,7,2,1,10,34,97
94750,960,1920,4,42,1,18,14,2,98
83000,835,1293,5,90,1,18,8,20,99
128950,1225,2175,4,51,0,12,14,27,100
205000,1610,3220,6,33,2,7,2,30,101
178000,1732,2473,6,25,2,14,19,39,102
118964,1535,1535,5,30,2,14,21,26,103
198900,1226,2452,7,1,3,1,10,20,104
169500,1818,2858,7,76,1,15,6,19,105
250000,1992,3045,8,5,2,20,3,47,106
100000,1047,1688,4,122,1,8,14,7,107
115000,789,1578,5,60,1,8,8,9,108
115000,1517,2310,5,88,0,15,4,7,109
190000,1844,3688,6,33,2,7,2,27,110
136900,1855,2849,6,52,1,18,20,15,111
180000,1430,1814,7,10,2,21,32,24,112
383970,2696,3960,7,0,3,1,1,36,113
217000,2259,4068,6,54,2,3,2,36,114
259500,2320,3348,6,62,1,3,19,13,115
176000,1458,2187,6,8,2,20,33,19,116
139000,1092,2184,5,47,1,10,8,48,117
155000,1125,2250,5,1,2,18,8,49,118
320000,3222,4895,7,20,3,14,1,20,119
163990,1456,2184,6,1,2,1,19,11,120
180000,988,1926,6,37,2,23,36,15,121
100000,1123,1855,4,68,1,15,37,19,122
136000,1080,2160,6,50,1,12,2,16,123
153900,1199,2398,6,15,2,14,31,50,124
181000,1586,2948,6,30,2,7,2,51,125
84500,754,1040,6,71,0,15,38,52,126
128000,958,2036,6,31,2,26,31,33,127
87000,840,1512,5,77,0,8,39,19,128
155000,1348,2008,6,40,2,12,19,11,129
150000,1053,2061,5,48,2,12,8,11,130
226000,2157,3081,7,40,2,12,1,29,131
244000,2054,3046,6,9,2,21,19,21,132
150750,1327,2390,5,48,2,12,8,13,133
220000,1296,2563,8,8,2,19,5,26,134
180000,1721,3182,5,38,2,10,8,11,135
174000,1682,2986,7,38,2,7,10,12,136
143000,1214,2428,5,40,1,12,8,13,137
171000,1959,3866,7,18,3,5,40,11,138
230000,1852,2856,8,9,3,1,3,5,139
231500,1764,2692,6,12,2,1,19,31,140
115000,864,1728,4,39,0,12,14,24,141
260000,1734,3468,7,1,2,1,10,53,142
166000,1385,2295,5,58,2,12,4,39,143
204000,1501,2991,7,10,2,1,10,26,144
125000,1728,3456,5,43,2,27,21,18,145
130000,1709,2679,6,2,2,28,41,43,146
105000,875,1590,5,78,1,13,8,8,147
222500,2035,2919,7,9,2,21,1,20,148
141000,1080,2160,7,4,0,14,10,9,149
115000,1344,2240,5,70,1,13,4,43,150
122000,969,1938,5,32,2,1,8,32,151
372402,1710,3420,8,1,3,11,5,10,152
190000,1993,2818,6,35,2,7,19,52,153
235000,1252,2854,6,48,2,23,2,50,154
125000,1200,2400,6,83,1,8,2,41,155
79000,1096,1668,6,84,0,18,20,9,156
109500,1040,1040,5,56,2,12,8,52,157
269500,1968,2742,8,1,3,19,3,20,158
254900,1947,2938,7,6,2,20,1,20,159
320000,2462,3854,7,1,2,21,1,41,160
162500,1232,2464,6,24,2,2,2,16,161
412500,2668,4240,9,5,3,11,9,50,162
220000,1541,3082,7,5,2,11,10,20,163
103200,882,1764,4,51,0,29,42,49,164
152000,1616,2765,6,81,1,8,2,36,165
127500,1355,1999,5,68,0,18,43,3,166
190000,1867,3484,5,54,1,23,8,8,167
325624,2161,3743,8,0,3,11,3,45,168
183500,1720,2560,7,3,2,21,1,2,169
228000,1707,3393,8,25,2,19,5,53,170
128500,1382,1574,5,66,2,8,4,2,171
215000,1656,2736,6,50,2,12,2,20,172
239000,1767,2831,7,19,2,22,44,52,173
163000,1362,2724,6,47,2,12,2,16,174
184000,1651,3257,6,22,2,19,2,54,175
243000,2158,3360,6,57,2,18,2,19,176
211000,2060,3211,6,19,2,23,19,55,177
172500,1920,2972,5,48,2,10,4,11,178
501837,2234,4450,9,1,3,22,22,21,179
100000,968,1936,5,84,2,8,8,13,180
177000,1525,2281,6,7,2,20,41,19,181
200100,1802,2595,7,86,1,3,1,11,182
120000,1340,1340,5,50,1,18,8,19,183
200000,2082,3444,7,5,2,8,6,16,184
127000,1252,1756,5,98,2,9,4,52,185
475000,3608,4143,10,114,3,8,45,52,186
173000,1217,2405,7,19,2,5,32,26,187
135000,1656,2172,5,93,1,29,4,31,188
153337,1224,2310,5,30,2,14,46,26,189
286000,1593,3186,8,7,2,22,27,47,190
315000,2727,3580,8,75,2,3,3,28,191
184000,1479,2204,7,35,2,12,1,19,192
192000,1431,2862,7,10,2,1,10,48,193
130000,1709,2679,7,2,2,28,47,29,194
127000,864,1728,5,36,1,1,8,12,195
148500,1456,2311,6,33,2,26,41,21,196
311872,1726,3452,7,0,3,6,10,55,197
235000,3112,4080,8,88,2,12,3,41,198
104000,2229,2613,6,97,0,8,48,21,199
274900,1713,3426,8,5,3,11,5,51,200
140000,1121,2242,4,7,2,28,14,14,201
171500,1279,2475,6,31,2,5,2,1,202
112000,1310,1927,6,82,1,29,20,29,203
149000,848,1696,6,4,2,30,31,10,204
110000,1284,2004,5,62,1,8,4,46,205
180500,1442,2866,7,19,2,21,10,17,206
143900,1696,2836,5,45,1,10,8,35,207
141000,1100,2200,4,48,1,12,14,9,208
277000,2062,3219,7,19,2,14,1,49,209
145000,1092,2184,6,44,2,12,2,23,210
98000,864,1728,5,83,0,18,8,9,211
186000,1212,2424,6,1,2,18,2,14,212
252678,1852,2752,7,0,2,20,1,21,213
156000,990,1980,5,11,2,1,8,11,214
161750,1392,2081,6,33,1,1,19,14,215
134450,1236,2306,5,49,1,12,8,29,216
210000,1436,2872,7,4,2,1,10,9,217
107000,1328,2014,4,81,1,8,15,25,218
311500,1954,2752,7,69,2,3,6,12,219
167240,1248,2496,7,1,2,31,49,41,220
204900,1498,2996,7,0,2,1,10,43,221
200000,2267,3277,6,7,2,21,19,40,222
179900,1552,2265,6,31,2,7,19,4,223
97000,864,1728,4,38,2,12,14,44,224
386250,2392,4784,10,6,3,11,50,26,225
112000,1302,1932,5,38,1,32,51,17,226
290000,2520,3723,7,12,3,4,1,19,227
106000,987,1470,6,38,1,32,41,3,228
125000,912,1824,5,43,1,10,8,20,229
192500,1555,2928,7,4,2,31,49,17,230
148000,1194,2388,6,51,1,12,2,24,231
403000,2794,4256,8,14,3,4,3,21,232
94500,987,1470,6,34,1,32,41,52,233
128200,894,1788,5,34,1,1,8,30,234
216500,1960,2820,6,8,2,21,19,20,235
89500,987,1470,6,37,1,32,33,47,236
185500,1414,2828,7,6,2,1,10,20,237
194500,1744,2740,7,17,2,14,1,30,238
318000,1694,3388,8,0,3,11,5,28,239
113000,1487,2222,6,65,1,18,20,24,240
262500,1566,3132,8,2,2,20,5,24,241
110500,866,1552,5,62,0,8,8,7,242
79000,1440,1980,5,106,1,8,4,43,243
120000,1217,1843,6,29,1,14,33,46,244
205000,2110,3058,7,16,2,14,1,20,245
241500,1872,3717,7,18,2,7,10,52,246
137000,1928,2948,6,96,1,8,52,43,247
140000,1375,2742,6,52,2,12,2,52,248
180000,1668,2508,7,4,2,1,1,55,249
277000,2144,3588,6,49,2,23,20,19,250
76500,1306,2034,3,70,0,9,53,20,251
235000,1625,3198,8,1,2,33,27,28,252
173000,1640,2438,6,4,2,14,19,5,253
158000,1302,2604,6,43,1,12,36,36,254
145000,1314,2628,5,53,1,12,8,39,255
230000,2291,3266,7,7,2,21,1,4,256
207500,1728,2592,6,5,2,20,19,12,257
220000,1604,3208,7,3,2,1,10,44,258
231500,1792,2755,7,7,2,1,1,12,259
97000,882,882,5,52,1,8,8,5,260
176000,1382,2744,6,47,2,12,36,17,261
276000,2574,4056,8,0,3,1,3,45,262
151000,1212,1718,6,29,2,10,36,11,263
130000,1316,1852,5,81,2,8,4,24,264
73000,764,1444,5,83,2,8,8,16,265
175500,1422,2844,6,27,2,7,2,16,266
185000,1511,2313,6,9,2,21,19,52,267
179500,2192,2492,5,69,1,34,54,23,268
120500,778,1518,5,68,1,15,8,1,269
148000,1113,2256,6,31,1,18,2,2,270
266000,1939,3034,8,0,3,20,3,34,271
241500,1363,2748,7,54,2,23,10,9,272
290000,2270,3422,8,11,3,4,3,24,273
139000,1632,2872,6,51,1,12,2,46,274
124500,816,1632,5,25,1,5,8,19,275
205000,1548,2500,7,84,2,9,6,6,276
201000,1560,3120,7,7,2,5,10,24,277
141000,864,1728,4,59,2,21,14,39,278
415298,2121,4242,9,1,3,11,22,2,279
192000,2022,3182,7,31,2,23,1,50,280
228500,1982,2789,7,18,2,14,1,32,281
185000,1262,2524,6,0,2,20,2,29,282
207500,1314,2628,7,2,2,11,55,46,283
244600,1468,2936,8,1,3,6,5,40,284
179200,1575,3150,6,15,2,14,31,13,285
164700,1250,1875,7,1,2,20,44,19,286
159000,1734,2646,6,44,2,12,20,52,287
88000,858,1716,4,35,0,12,14,52,288
122000,900,1782,5,43,1,10,8,30,289
153575,1396,2094,6,92,1,9,19,13,290
233230,1919,2998,8,0,2,1,3,11,291
135900,1716,2496,5,96,0,34,56,50,292
131000,1716,2484,5,60,1,18,4,51,293
235000,2263,3058,7,29,2,7,1,41,294
167000,1644,3060,6,56,2,12,2,6,295
142500,1003,2006,6,22,2,5,36,41,296
152000,1558,2468,5,57,1,15,4,19,297
239000,1950,2925,7,10,2,20,1,19,298
175000,1743,2445,6,39,2,7,19,19,299
158500,1152,2244,6,59,1,3,2,31,300
157000,1336,2501,5,53,1,3,57,52,301
267000,2452,3480,8,9,2,1,3,2,302
205000,1541,3082,7,5,3,1,10,53,303
149900,894,1788,5,34,2,1,8,11,304
295000,3493,4963,7,128,3,8,58,12,305
305900,2000,4000,8,3,3,1,5,13,306
225000,2243,2943,7,17,3,14,1,19,307
89500,1406,1725,6,88,0,15,20,50,308
82500,861,1722,4,69,2,18,14,44,309
360000,1944,3840,9,3,3,11,22,18,310
165600,1501,2198,6,13,2,21,19,29,311
132000,972,1944,6,61,1,12,2,17,312
119900,1118,1911,5,67,2,8,43,29,313
375000,2036,4172,7,44,2,19,10,26,314
178000,1641,2369,7,81,2,8,1,34,315
188500,1432,2148,7,5,2,21,1,21,316
260000,2353,3198,7,29,2,7,1,31,317
270000,1959,3047,8,1,3,20,3,28,318
260000,2646,3993,7,16,3,4,1,46,319
187500,1472,2844,7,29,2,7,32,26,320
342643,2596,3845,9,0,3,11,9,25,321
354000,2468,3604,8,3,3,11,3,19,322
301000,2730,4232,7,21,2,14,1,7,323
126175,1163,2325,3,51,1,8,53,11,324
242000,2978,3688,7,43,2,12,32,39,325
87000,803,1523,5,66,2,15,39,28,326
324000,1719,3438,8,15,2,2,27,12,327
145250,1383,2766,6,46,1,12,2,43,328
214500,2134,2978,6,93,2,9,59,21,329
78000,1192,1788,5,89,1,15,30,21,330
119000,1728,3456,5,43,1,12,21,45,331
139000,1056,2112,5,49,1,12,8,7,332
284000,1629,4835,8,6,3,11,5,6,333
207000,1358,2716,7,4,2,35,49,23,334
192000,1638,2581,6,10,2,21,19,23,335
228950,1786,3285,5,43,2,19,43,47,336
377426,1922,3844,9,2,3,22,22,13,337
214000,1536,3072,7,6,2,1,10,5,338
202500,1621,2829,7,22,2,7,10,29,339
155000,1215,2430,6,51,1,12,2,26,340
202900,1908,2875,8,8,2,19,3,24,341
82000,841,1562,4,59,1,36,14,48,342
87500,1040,1040,3,57,2,12,60,29,343
266000,1684,3368,9,3,2,11,16,23,344
85000,1112,1648,5,34,1,16,61,24,345
140200,1577,2549,6,67,1,9,20,15,346
151500,958,1916,6,47,1,12,2,49,347
157500,1478,2956,6,49,2,12,2,40,348
154000,1626,2390,7,5,2,11,47,42,349
437154,2728,4576,9,1,3,11,9,43,350
318061,1869,3738,9,0,2,11,16,28,351
190000,1453,2906,7,20,2,23,10,22,352
95000,1111,1727,5,67,1,18,4,50,353
105900,720,1344,6,82,2,8,2,20,354
140000,1595,2535,6,66,1,34,20,52,355
177500,1200,2400,6,12,2,1,2,7,356
173000,1167,2325,6,17,2,21,2,21,357
134000,1142,2284,5,31,2,16,13,7,358
130000,1352,2414,5,48,1,23,23,11,359
280000,1924,3010,8,8,2,4,3,52,360
156000,912,1800,6,29,2,5,62,19,361
145000,1505,2388,5,68,1,9,4,23,362
198500,1922,1922,7,6,2,18,63,21,363
118000,987,1470,6,37,1,32,41,17,364
190000,1574,2370,6,30,2,7,19,11,365
147000,1344,2016,5,89,1,15,30,21,366
159000,1394,2788,6,46,2,12,2,21,367
165000,1431,2530,6,46,1,12,36,5,368
132000,1268,2536,5,56,1,12,8,14,369
162000,1287,2350,5,51,2,12,8,14,370
172400,1664,2617,6,6,2,21,19,53,371
134432,1588,1588,4,49,2,23,37,23,372
125000,752,1496,6,26,1,14,31,30,373
123000,1319,1927,5,56,1,12,8,8,374
219500,1928,2775,7,4,2,1,1,13,375
61000,904,1587,1,87,0,18,64,44,376
148000,914,1784,5,10,2,1,17,11,377
340000,2466,4046,8,3,2,20,3,28,378
394432,1856,3712,9,0,3,22,22,39,379
179000,1800,2782,6,9,2,21,19,26,380
127000,1691,2717,5,86,1,34,4,20,381
187750,1301,2594,7,0,2,20,10,34,382
213500,1797,2736,7,1,2,1,1,49,383
76000,784,1568,6,81,2,36,65,6,384
240000,1953,3533,6,15,2,23,19,19,385
192000,1269,2525,8,6,2,31,27,24,386
81000,1184,1842,5,96,0,18,4,29,387
125000,1125,2166,6,33,1,18,36,6,388
191000,1479,2947,7,9,2,1,10,23,389
426000,2332,4014,10,1,3,11,25,47,390
119000,1367,2228,5,108,1,18,4,9,391
215000,1961,2765,6,8,2,5,19,26,392
106500,882,882,5,48,1,12,8,13,393
100000,788,1576,4,65,0,9,14,43,394
109000,1034,1769,5,67,1,29,4,13,395
129000,1144,2288,5,54,1,18,8,39,396
123000,894,1788,5,37,2,1,8,48,397
169500,1812,2676,5,45,1,12,30,13,398
67000,1077,2038,5,87,1,15,8,45,399
241000,1550,2642,7,3,2,20,1,6,400
245500,1288,2548,8,12,2,2,27,5,401
164990,1310,2620,7,1,2,1,10,11,402
108000,672,1344,5,68,1,10,8,47,403
258000,2263,3404,8,8,2,4,3,11,404
168000,1572,2378,6,12,2,21,19,2,405
150000,1620,2901,4,33,2,10,14,26,406
115000,1639,2230,6,72,1,34,20,50,407
177000,1680,2520,6,93,1,3,19,50,408
280000,2172,3235,7,1,3,11,1,7,409
339750,2078,3112,8,1,3,20,3,9,410
60000,1276,2552,5,51,1,18,8,26,411
145000,1056,2112,5,51,2,21,57,53,412
222000,1478,2948,7,1,2,20,10,39,413
115000,1028,2036,5,83,2,8,8,14,414
228000,2097,3177,7,15,3,14,1,5,415
181134,1340,2680,7,0,2,21,10,7,416
149500,1400,2072,6,28,2,10,19,41,417
239000,2624,3994,6,89,3,3,19,45,418
126000,1134,1890,5,67,1,18,4,49,419
142000,1056,2112,5,42,1,12,8,38,420
206300,1344,2688,7,11,4,24,66,54,421
215000,1602,3204,6,32,2,7,2,26,422
113000,988,1976,5,54,2,5,8,1,423
315000,2630,4100,8,10,3,4,3,16,424
139000,1196,2392,6,52,1,12,2,12,425
135000,1389,2040,7,63,1,8,1,48,426
275000,1644,3162,7,20,2,14,32,31,427
109008,907,1814,4,51,1,12,14,23,428
195400,1208,2416,7,0,2,1,10,55,429
175000,1412,2804,6,21,2,19,2,44,430
85400,987,1470,6,37,1,32,41,23,431
79900,1198,2099,6,88,0,8,20,3,432
122500,1365,2130,5,36,2,32,61,7,433
181000,1604,2530,6,11,2,21,19,23,434
81000,630,1260,4,36,0,16,67,16,435
212000,1661,2460,7,13,2,1,1,46,436
116000,1118,1766,6,86,2,8,20,15,437
119000,904,1788,6,83,1,13,65,51,438
90350,694,1134,5,94,1,3,8,35,439
110000,1196,1880,6,89,2,18,20,31,440
555000,2402,5496,10,1,3,11,50,46,441
118000,1440,2880,4,53,0,18,12,3,442
162900,1573,2651,5,78,2,13,4,16,443
172500,1258,2516,7,1,3,31,49,19,444
210000,1908,2823,7,14,2,1,1,23,445
127500,1689,3125,6,53,2,18,2,8,446
190000,1888,3405,6,44,2,12,2,39,447
199900,1886,2816,7,8,2,21,1,11,448
119500,1376,2156,6,69,1,15,20,52,449
120000,1183,1832,3,59,1,8,34,19,450
110000,813,1626,6,76,1,8,2,52,451
280000,1533,3066,7,31,2,23,10,22,452
204000,1756,2628,6,11,2,19,19,13,453
210000,1590,2358,8,1,2,20,3,26,454
188000,1728,3456,5,30,2,5,21,11,455
175500,1242,2484,7,34,2,7,10,55,456
98000,1344,1968,5,92,3,8,30,12,457
256000,1663,3027,4,54,2,23,14,50,458
161000,1666,2254,8,83,1,8,3,16,459
110000,1203,1912,5,59,1,9,4,21,460
263435,1935,2767,8,0,2,20,3,40,461
155000,1135,1695,7,73,2,34,1,46,462
62383,864,1728,5,44,1,10,8,40,463
188700,1660,2375,6,74,1,3,19,47,464
124000,1040,2080,5,31,0,1,8,31,465
178740,1414,2789,7,2,2,37,49,29,466
167000,1277,2554,7,37,2,12,10,49,467
146500,1644,2372,5,65,1,12,30,19,468
250000,1634,3260,8,1,3,11,5,2,469
187000,1710,2542,6,15,2,14,19,16,470
212000,1502,2990,8,25,2,22,27,39,471
190000,1969,2777,7,30,2,7,1,45,472
148000,1072,1619,6,3,2,28,68,16,473
440000,1976,3952,8,1,3,11,5,13,474
251000,1652,3146,8,7,2,22,27,7,475
132500,970,1940,5,44,2,10,8,13,476
208900,1493,2971,6,11,2,1,2,9,477
380000,2643,4796,9,1,3,11,9,35,478
297000,1718,3423,8,2,3,1,5,48,479
89471,1131,2038,4,70,2,8,14,35,480
326000,1850,3683,9,2,3,11,22,41,481
374000,1792,3584,9,3,3,11,22,34,482
155000,1826,2736,7,94,1,8,1,26,483
164000,1216,2432,6,8,2,24,69,29,484
132500,999,1998,5,45,1,10,8,35,485
147000,1113,2226,5,59,1,12,8,21,486
156000,1073,2146,5,42,2,12,8,19,487
175000,1484,2968,5,36,2,7,8,33,488
160000,2414,3368,5,106,2,29,43,29,489
86000,630,1260,4,39,1,16,67,17,490
115000,1304,1568,5,32,1,16,61,16,491
133000,1578,2384,6,65,1,12,20,34,492
172785,1456,2184,6,0,2,21,19,29,493
155000,1269,2538,5,48,1,12,8,16,494
91300,886,1076,5,71,1,8,8,40,495
34900,720,1440,4,89,0,17,14,8,496
430000,3228,6428,8,15,2,4,5,2,497
184000,1820,2846,7,83,1,9,6,16,498
130000,899,1763,5,42,1,10,8,26,499
120000,912,1824,5,49,1,12,8,19,500
113000,1218,1890,6,34,1,32,41,2,501
226700,1768,2634,7,3,2,20,1,1,502
140000,1214,2428,5,42,2,18,8,49,503
289000,1801,3302,7,51,2,3,10,14,504
147000,1322,2177,6,35,2,26,33,26,505
124500,1960,2920,5,57,2,8,70,21,506
215000,1911,2688,8,13,2,14,3,25,507
208300,1218,2436,6,0,2,20,2,48,508
161000,1378,2067,7,80,2,8,1,42,509
124500,1041,2082,5,50,1,12,8,21,510
164900,1363,2371,5,58,1,12,8,26,511
202665,1368,2736,7,1,2,11,49,41,512
129900,864,1728,5,48,2,12,8,11,513
134000,1080,2164,6,24,2,5,2,19,514
96500,789,1557,5,81,1,3,39,19,515
402861,2020,4026,10,0,3,11,50,48,516
158000,2119,2808,6,37,2,7,36,31,517
265000,2344,3608,7,13,3,4,1,21,518
211000,1796,2590,6,9,2,1,19,2,519
234000,2080,3356,7,83,1,3,1,26,520
106250,1294,1294,4,108,0,29,18,47,521
150000,1244,2488,6,50,1,12,2,2,522
159000,1664,2668,6,59,2,13,20,15,523
315750,2398,3777,7,11,3,4,1,7,524
176000,1266,2523,7,1,2,20,10,43,525
132000,928,1856,5,51,1,12,8,19,526
446261,2713,4165,9,0,3,11,9,54,527
86000,605,1133,4,87,0,18,14,13,528
200624,2515,4550,6,50,2,3,2,35,529
175000,1509,2970,6,20,2,19,36,47,530
128000,1362,1973,6,88,2,13,19,16,531
107500,827,827,5,55,1,12,8,24,532
39300,334,334,1,61,0,9,64,32,533
178000,1414,2121,8,2,2,21,3,15,534
107500,1347,2464,5,98,0,18,56,10,535
188000,1724,2604,7,10,2,1,1,23,536
111250,864,1728,4,36,2,12,14,9,537
158000,1159,2210,5,38,1,10,8,11,538
272000,1601,3182,8,9,2,1,5,20,539
315000,1838,3676,9,3,3,19,22,44,540
248000,2285,3254,8,7,3,4,3,19,541
213250,1680,3330,7,11,2,7,10,26,542
133000,767,1490,7,9,1,38,71,19,543
179665,1496,2150,7,0,2,21,1,25,544
229000,2183,3387,7,18,3,7,6,4,545
210000,1635,2700,6,84,2,9,20,2,546
129500,768,1536,5,37,2,5,17,49,547
125000,825,1650,5,53,2,8,8,16,548
263000,2094,3006,7,6,2,20,1,8,549
140000,1069,2138,6,31,2,26,31,42,550
112500,928,1856,5,51,1,8,8,16,551
255500,1717,3426,8,3,3,11,5,21,552
108000,1126,1126,4,60,2,18,14,17,553
284000,2046,3044,7,5,3,11,1,47,554
113000,1048,2041,5,84,1,13,39,34,555
141000,1092,2184,5,49,1,12,8,29,556
108000,1336,1973,4,86,1,17,37,25,557
175000,1446,2175,7,12,2,21,1,47,558
234000,1557,2931,7,3,2,31,49,15,559
121500,1392,2784,5,53,2,10,8,20,560
170000,1389,2778,5,32,2,5,8,43,561
108000,996,1992,5,68,0,18,8,23,562
185000,1674,2837,6,90,2,18,20,23,563
268000,2295,3390,7,14,2,4,1,11,564
128000,1647,2453,6,95,1,34,19,20,565
325000,2504,3626,9,3,3,22,9,16,566
214000,1535,3052,7,6,2,11,10,14,567
316600,2132,3628,8,26,2,14,72,48,568
135960,943,1886,5,27,2,12,46,22,569
142600,1728,3456,5,43,2,12,21,54,570
120000,864,1728,6,47,1,12,2,15,571
224500,1692,2538,7,0,2,19,1,21,572
170000,1430,1814,7,7,2,21,32,28,573
139000,1109,1481,5,36,1,12,23,28,574
118500,1216,2048,5,61,1,12,4,42,575
145000,1477,2338,7,81,1,34,6,31,576
164500,1320,2484,5,40,2,10,23,29,577
146000,1392,2081,7,1,2,20,44,1,578
131500,1795,2845,5,54,1,8,4,54,579
181900,1429,2573,6,47,2,12,2,19,580
253293,2042,4084,8,1,3,11,5,31,581
118500,816,1632,6,17,0,18,73,2,582
325000,2775,4012,10,115,2,8,74,23,583
133000,1573,2457,4,74,1,13,37,21,584
369900,2028,3896,8,1,3,19,5,41,585
130000,838,1654,6,90,1,9,2,12,586
137000,860,1700,5,27,2,10,17,21,587
143000,1473,2910,5,41,1,23,8,26,588
79500,935,1521,5,78,1,13,8,47,589
185900,1582,2352,7,4,2,1,1,3,590
451950,2296,4018,10,1,3,11,25,26,591
138000,816,1632,5,26,2,5,8,16,592
140000,848,1696,6,6,2,30,31,17,593
110000,924,1848,5,33,1,1,8,9,594
319000,1826,3640,8,1,3,22,5,34,595
114504,1368,2052,6,96,1,8,19,15,596
194201,1402,2660,7,1,3,31,49,33,597
217500,1647,3077,5,29,2,3,8,41,598
151000,1556,2272,6,28,2,39,41,23,599
275000,1904,2962,8,1,2,11,3,52,600
141000,1375,2155,6,70,1,15,20,28,601
220000,1915,2823,8,14,2,14,3,4,602
151000,1200,1800,7,6,2,20,44,39,603
221000,1494,2988,7,6,2,1,10,3,604
205000,1986,2754,7,44,2,12,1,6,605
152000,1040,2080,5,13,2,1,8,8,606
225000,2008,2904,5,58,1,18,30,34,607
359100,3194,4159,8,73,2,3,3,55,608
118500,1029,2058,4,46,1,10,14,49,609
313000,2153,3593,9,9,3,1,9,17,610
148000,1032,2064,6,29,2,7,36,13,611
261500,1872,3171,8,8,2,1,3,8,612
147000,1120,2240,5,0,0,5,8,28,613
75500,630,1260,4,38,0,16,75,20,614
137500,1054,1990,6,47,2,12,62,20,615
183200,1509,2292,6,4,2,21,19,52,616
105500,832,1664,6,54,2,12,65,16,617
314813,1828,3650,9,0,3,11,22,13,618
305000,2262,3744,8,5,3,19,3,47,619
67000,864,1728,3,94,0,18,53,3,620
240000,2614,4136,6,34,2,7,19,16,621
135000,980,1960,5,32,2,10,8,21,622
168500,1512,2268,6,7,2,20,33,19,623
165150,1790,2522,6,34,2,7,19,18,624
160000,1116,2232,6,48,2,12,2,30,625
139900,1422,2400,5,47,1,12,8,7,626
153000,1520,2676,6,55,1,12,36,14,627
135000,2080,3120,5,38,2,12,30,55,628
168500,1350,2598,6,44,2,12,36,16,629
124000,1750,2386,5,126,1,8,30,52,630
209500,1554,3108,8,1,2,11,76,7,631
82500,1411,2797,7,32,2,7,10,46,632
139400,1056,2112,5,53,1,12,8,13,633
144000,1056,2112,6,30,2,29,73,39,634
200000,3395,4320,6,93,0,40,77,35,635
60000,800,1064,2,73,0,13,78,51,636
93000,1387,2198,5,55,1,8,43,8,637
85000,796,1592,5,98,0,18,8,12,638
264561,1567,3087,8,0,3,31,27,15,639
274000,1518,3036,8,5,2,11,27,9,640
226000,1929,2986,7,6,2,20,1,2,641
345000,2704,4656,8,37,2,12,79,21,642
152000,1620,2400,5,38,2,7,30,49,643
370878,1766,3532,9,0,3,20,22,6,644
143250,981,1962,6,36,2,12,2,35,645
98300,1048,1048,5,58,2,12,8,23,646
155000,1094,2188,6,55,2,18,2,16,647
155000,1839,2595,6,44,2,12,19,39,648
84500,630,1260,4,37,0,16,67,28,649
205950,1665,2478,7,1,2,20,1,12,650
108000,1510,2265,4,69,1,18,15,6,651
191000,1716,2596,7,13,2,1,1,21,652
135000,1469,2225,6,102,1,15,20,16,653
350000,2113,4222,8,13,3,4,5,47,654
88000,1092,1617,6,39,1,32,41,14,655
145500,1053,2106,5,49,1,12,8,47,656
149000,1502,2278,7,77,1,3,1,1,657
97500,1458,2370,6,62,1,12,20,27,658
167000,1486,2972,5,45,2,18,8,44,659
197900,1935,2728,7,31,2,7,1,45,660
402000,2448,4077,8,15,3,4,3,21,661
110000,1392,2784,6,41,2,12,2,21,662
137500,1181,2319,4,36,2,18,80,9,663
423000,2097,4174,8,1,3,6,5,53,664
230500,1936,3342,8,6,2,21,3,18,665
129000,2380,3401,6,42,2,12,19,7,666
193500,1679,3087,6,14,2,14,2,42,667
168000,1437,2625,5,50,2,10,8,18,668
137500,1180,1880,4,84,1,3,14,11,669
173500,1476,2214,6,4,2,1,19,37,670
103600,1369,2041,6,84,1,41,19,21,671
165000,1208,2416,6,29,2,2,2,52,672
257500,1839,3316,6,50,2,3,2,19,673
140000,1136,2272,6,43,1,12,2,23,674
148500,1441,2296,6,31,2,26,41,46,675
87000,1774,2869,4,106,3,8,15,29,676
109500,792,1560,5,85,1,29,8,17,677
372500,2046,4092,8,1,3,22,5,21,678
128500,988,1976,5,46,2,10,8,36,679
143000,923,1846,6,30,1,14,31,20,680
159434,1520,2313,5,77,1,40,4,21,681
173000,1291,2582,6,12,2,23,2,54,682
285000,1668,3294,9,5,3,1,22,13,683
221000,1839,3034,7,12,2,4,1,39,684
207500,2090,3280,7,23,2,22,44,55,685
227875,1761,2635,7,0,2,20,1,7,686
148800,1102,1653,7,3,2,20,44,35,687
392000,1419,2838,8,0,2,22,5,36,688
194700,1362,2724,6,2,2,11,31,19,689
141000,848,1696,6,4,2,30,31,12,690
335000,2519,3729,7,17,2,19,1,43,691
108480,1073,2146,5,85,1,29,8,22,692
141500,1539,2466,5,73,2,13,4,46,693
176000,1137,2249,6,19,2,19,2,11,694
89000,616,1232,5,85,1,13,8,52,695
123500,1148,2128,5,54,1,18,8,25,696
138500,894,1788,5,45,1,10,8,24,697
196000,1391,2782,7,4,2,20,49,23,698
312500,1800,3600,8,4,3,19,5,29,699
140000,1164,2328,7,37,2,7,10,11,700
361919,2576,3810,8,0,3,22,3,11,701
140000,1812,2172,5,110,2,8,56,20,702
213000,1484,2957,7,6,2,1,10,20,703
55000,1092,1092,4,80,0,15,18,38,704
302000,1824,3467,7,36,2,23,10,19,705
254000,1324,2648,8,3,2,11,27,40,706
179540,1456,2184,7,0,2,21,1,13,707
109900,904,1780,5,42,1,10,8,5,708
52000,729,999,3,73,0,9,53,23,709
102776,1178,2037,4,110,1,17,37,27,710
189000,1228,2456,8,20,2,22,27,42,711
129000,960,1920,4,36,2,9,81,29,712
130500,1479,2204,6,34,2,10,19,14,713
165000,1350,2414,6,35,2,7,2,31,714
159500,2554,3272,7,117,2,8,1,13,715
157000,1178,2354,5,35,2,7,8,54,716
341000,2418,3729,7,15,3,4,1,47,717
128500,971,1942,5,37,1,1,8,29,718
275000,1742,3484,8,21,2,22,5,22,719
143000,848,1696,6,6,2,30,31,20,720
124500,864,1728,4,39,2,12,14,21,721
135000,1470,2411,4,54,1,18,37,12,722
320000,1698,3396,9,2,3,18,22,37,723
120500,864,1728,4,39,2,12,14,8,724
222000,1680,2560,6,21,2,3,2,40,725
194500,1232,2464,7,2,2,1,10,37,726
110000,1776,3360,5,51,3,12,21,21,727
103000,1208,1628,4,84,2,15,37,51,728
236500,1616,3211,8,15,2,22,27,14,729
187500,1146,2014,7,4,2,19,32,2,730
222500,2031,3184,7,10,2,1,1,23,731
131400,1144,2008,5,48,1,10,8,44,732
108000,948,1896,5,39,1,10,8,2,733
163000,1768,2648,7,92,2,8,82,15,734
93500,1040,1040,3,56,2,12,60,11,735
239900,1801,2694,8,1,3,21,3,52,736
179000,1200,2400,5,22,0,18,21,44,737
190000,1728,2592,7,5,2,1,1,46,738
132000,1432,1696,5,97,2,8,30,2,739
142000,912,1824,6,47,1,10,2,12,740
179000,1349,2698,7,7,2,14,10,28,741
175000,1464,1984,5,46,2,10,23,6,742
180000,1337,2674,8,15,2,22,27,42,743
299800,2715,3857,8,32,2,7,3,23,744
236000,2256,3208,7,9,2,21,1,46,745
265979,2640,3880,7,129,4,8,1,17,746
260400,1720,3440,7,14,2,4,10,14,747
98000,1529,1529,4,64,1,18,37,46,748
96500,1140,1716,4,100,0,8,37,39,749
162000,1320,1980,7,4,2,21,1,7,750
217000,1494,2973,6,9,2,1,2,11,751
275500,2098,3128,8,1,3,11,3,41,752
156000,1026,2052,6,40,2,12,2,21,753
172500,1471,2200,6,10,2,20,33,44,754
212000,1768,2634,8,2,2,1,3,46,755
158900,1386,2058,6,32,2,10,19,24,756
179400,1501,2245,7,9,2,20,47,47,757
290000,2531,3849,8,12,3,4,3,45,758
127500,864,1728,6,50,1,12,2,6,759
100000,1301,2446,5,85,2,13,8,6,760
215200,1547,2303,7,1,2,20,1,39,761
337000,2365,3617,8,10,3,4,3,21,762
270000,1494,2988,8,11,2,2,27,43,763
264132,1506,3004,9,0,2,6,22,47,764
196500,1714,2694,7,22,2,7,1,14,765
160000,1750,2733,6,68,1,5,20,23,766
216837,1836,3696,7,2,2,1,10,15,767
538000,3279,4929,8,7,3,22,3,39,768
134900,858,1716,5,27,2,10,17,46,769
102000,1220,2056,4,55,2,18,14,43,770
107000,1117,2146,6,34,2,18,36,14,771
114500,912,1824,5,49,1,12,8,13,772
395000,1973,3908,8,1,3,11,5,13,773
162000,1204,2408,6,11,2,24,31,26,774
221500,1614,3228,7,1,3,1,10,11,775
142500,894,1758,5,32,2,10,8,52,776
144000,2020,2020,5,30,2,36,21,36,777
135000,1004,1979,6,29,2,5,73,29,778
176000,1253,2490,7,12,2,21,10,19,779
175900,1603,2364,6,14,2,14,19,11,780
187100,1430,2843,7,8,2,1,10,26,781
165500,1110,2207,5,31,2,5,17,21,782
128000,1484,2226,6,94,0,8,59,16,783
161500,1342,2714,6,42,2,7,2,48,784
139000,1652,2338,5,95,1,8,4,39,785
233000,2084,3040,7,6,2,14,1,27,786
107900,901,1802,4,54,1,8,14,47,787
187500,2087,2919,6,41,2,23,19,13,788
160200,1145,2290,7,4,2,31,49,48,789
146800,1062,2091,6,31,2,5,36,2,790
269790,2013,3130,7,11,2,4,1,19,791
225000,1496,2992,8,0,2,6,5,19,792
194500,1895,2607,7,14,2,21,1,42,793
171000,1564,2214,6,30,2,14,19,24,794
143500,1285,1945,6,30,2,10,2,49,795
110000,773,1546,5,55,1,12,8,9,796
485000,3140,5066,9,1,3,11,9,21,797
175000,1768,2499,5,70,1,34,4,19,798
200000,1688,2304,6,11,2,23,19,12,799
109900,1196,2392,4,91,2,15,14,13,800
189000,1456,2184,7,3,2,1,1,42,801
582933,2822,4556,9,1,3,11,9,51,802
118000,1128,2064,5,52,1,12,8,52,803
227680,1428,2845,7,0,2,6,10,23,804
135500,980,1960,5,39,1,12,23,15,805
223500,1576,2900,5,86,2,9,30,17,806
159950,1086,2110,5,40,2,12,23,52,807
106000,2138,2987,5,111,2,8,26,8,808
181000,1309,2349,6,32,2,7,2,53,809
144500,848,1696,6,4,2,30,31,16,810
55993,1044,1584,5,58,2,17,8,39,811
157900,1442,2884,6,49,1,12,2,49,812
116000,1250,1936,5,88,1,18,4,11,813
224900,1661,3310,7,12,2,1,10,20,814
137000,1008,2016,5,52,1,12,8,11,815
271000,1689,3257,8,6,3,5,5,23,816
155000,1052,2062,6,39,2,23,36,39,817
224000,1358,2716,7,1,2,11,49,39,818
183000,1640,2438,7,5,2,1,1,16,819
93000,936,1872,4,56,2,8,81,37,820
225000,1733,2580,7,4,2,21,1,36,821
139500,1489,2267,6,69,1,34,20,21,822
232600,1489,2978,8,0,2,20,5,52,823
385000,2084,4162,10,1,3,11,50,16,824
109500,784,1568,5,84,0,13,39,12,825
189000,1434,2888,7,8,2,14,10,46,826
185000,2126,3139,5,42,2,23,30,26,827
147400,1223,1743,7,1,2,20,47,11,828
166000,1392,2784,6,51,2,12,2,16,829
151000,1200,1720,7,1,2,20,44,52,830
237000,1829,2770,7,7,2,1,1,27,831
167000,1516,3032,6,45,2,12,2,37,832
139950,1144,2288,5,47,2,12,8,3,833
128000,1067,2134,4,60,2,10,14,30,834
153500,1559,3118,5,59,2,8,8,19,835
100000,987,1470,6,35,1,32,41,54,836
144000,1099,2198,5,13,1,1,8,16,837
130500,1200,1968,5,62,1,18,4,12,838
140000,1482,2154,6,83,1,40,19,50,839
157500,1539,2189,5,104,2,8,30,16,840
174900,1165,2292,6,42,2,12,36,12,841
141000,1800,3600,5,46,0,12,21,13,842
153900,1416,2292,5,93,3,8,4,16,843
171000,1701,3091,5,32,2,10,17,32,844
213000,1775,2515,7,16,2,14,1,21,845
133500,864,1728,5,37,1,1,8,31,846
240000,2358,3265,6,100,2,23,20,3,847
187000,1855,2383,6,31,2,2,36,7,848
131500,848,1696,6,4,2,30,31,45,849
215000,1456,2729,8,3,2,31,27,29,850
164000,1646,2564,7,66,1,3,82,7,851
158000,1445,2572,6,45,2,12,36,31,852
170000,1779,3542,5,51,2,10,8,11,853
127000,1040,2080,5,48,1,10,8,24,854
147000,1026,1966,6,30,2,1,36,42,855
174000,1481,2183,6,15,2,21,19,44,856
152000,1370,2460,7,33,2,7,10,26,857
250000,2654,3708,6,38,2,7,19,34,858
189950,1426,2338,7,89,1,3,6,19,859
131500,1039,2078,5,45,2,10,57,24,860
152000,1097,2137,6,26,2,14,2,20,861
132500,1148,2296,5,50,1,12,8,21,862
250580,1372,2744,7,1,2,20,10,12,863
148500,1002,2004,5,39,2,12,8,31,864
248900,1646,3284,8,1,3,19,5,45,865
129000,1120,2160,4,46,2,10,14,2,866
169000,2320,2267,5,58,2,21,30,29,867
236000,1949,2999,7,17,2,14,1,39,868
109500,894,1788,5,47,1,12,8,31,869
200500,1682,2486,6,12,2,1,19,39,870
116000,910,1015,5,55,2,12,8,42,871
133000,1268,1868,5,60,1,12,8,48,872
66500,1131,1807,5,68,1,8,4,31,873
303477,2610,3794,8,0,2,20,3,7,874
132250,1040,2104,4,44,2,5,14,32,875
350000,2224,3686,9,5,3,11,9,26,876
148000,1155,2264,5,49,2,10,17,39,877
136500,864,1728,5,31,1,1,8,21,878
157000,1090,2180,5,2,2,18,8,19,879
187500,1717,2873,7,17,2,19,6,49,880
178000,1593,2401,6,17,2,21,19,40,881
118500,2230,2544,4,94,1,34,83,41,882
100000,892,1784,5,42,1,12,8,21,883
328900,1709,3407,9,9,2,20,16,10,884
145000,1712,3338,5,47,2,12,21,52,885
135500,1393,2209,5,53,1,18,4,9,886
268000,2217,4434,8,37,2,12,5,36,887
149500,1505,3010,6,56,2,12,2,37,888
122900,924,1596,5,58,2,12,4,13,889
172500,1683,2601,6,31,2,10,19,21,890
154500,1068,2127,6,43,1,10,2,4,891
165000,1383,2766,5,54,1,10,8,16,892
118858,1535,1535,5,30,2,14,21,26,893
140000,1796,2576,6,45,2,12,19,42,894
106500,951,1902,4,70,1,15,14,43,895
142953,2240,2240,5,30,2,14,70,26,896
611657,2364,4694,9,1,3,11,22,14,897
135000,1236,2148,5,45,1,10,8,52,898
110000,858,1716,4,36,1,12,14,19,899
153000,1306,2298,5,52,1,12,8,17,900
180000,1509,2292,7,3,2,21,1,11,901
240000,1670,3340,7,0,3,21,10,34,902
125500,902,1778,5,40,1,10,8,7,903
128000,1063,2119,5,56,1,12,8,30,904
255000,1636,3259,8,1,3,6,5,19,905
250000,2057,3074,7,70,1,3,6,52,906
131000,902,1766,5,23,2,5,8,52,907
174000,1484,2226,6,4,2,21,19,26,908
154300,2274,3379,5,50,2,12,70,27,909
143500,1268,2536,5,32,1,1,8,6,910
88000,1015,1783,5,81,1,13,8,11,911
145000,2002,3003,5,58,3,42,70,7,912
173733,1224,1836,6,0,2,20,33,26,913
75000,1092,1638,4,37,1,16,84,32,914
35311,480,960,2,57,1,17,78,15,915
135000,1229,2363,4,53,1,18,14,46,916
238000,2127,3231,7,16,3,14,1,45,917
176500,1414,2598,6,50,2,12,2,12,918
201000,1721,2649,6,13,2,14,19,13,919
145900,2200,3472,5,108,0,18,85,3,920
169990,1316,2632,6,1,2,21,2,15,921
193000,1617,3221,6,15,2,14,31,23,922
207500,1686,3372,6,26,2,7,2,29,923
175000,1126,2252,5,31,2,7,8,50,924
285000,2374,3555,8,4,3,11,3,2,925
176000,1978,2810,7,40,2,7,1,9,926
236500,1788,3541,8,8,2,1,5,26,927
222000,2236,3200,7,9,2,21,1,18,928
201000,1466,2932,8,2,3,19,5,21,929
117500,925,1850,5,44,1,12,8,21,930
320000,1905,3810,9,1,3,6,22,35,931
190000,1500,3000,7,5,2,1,10,31,932
242000,2069,2654,7,48,2,12,10,54,933
79900,747,1347,4,80,2,9,14,52,934
184900,1200,2376,7,6,2,14,10,31,935
253000,1971,3084,7,4,2,6,1,37,936
239799,1962,3353,7,0,3,1,1,34,937
244400,2403,3435,7,70,1,23,1,39,938
150900,1728,3456,6,30,2,5,86,11,939
214000,2060,3052,7,10,2,21,1,26,940
150000,1440,2880,4,30,0,18,12,7,941
143000,1632,3264,5,40,2,5,21,19,942
137500,1344,2163,6,51,2,19,36,51,943
124900,1869,2837,5,119,2,8,4,48,944
143000,1144,2288,5,47,1,12,23,41,945
270000,1629,3245,8,5,3,19,5,45,946
192500,1776,2712,7,4,2,1,1,4,947
197500,1381,2542,6,38,2,7,2,14,948
129000,864,1728,5,57,2,12,8,13,949
119900,965,1793,5,41,1,36,8,11,950
133900,768,1536,5,37,1,1,17,46,951
172000,1968,2752,5,39,2,5,30,3,952
127500,980,1925,6,31,0,18,73,15,953
145000,1958,2937,6,61,2,42,87,7,954
124000,1229,1790,6,29,2,39,33,17,955
132000,1057,2114,5,45,2,10,8,49,956
185000,1337,2674,7,4,2,1,10,36,957
155000,1416,2112,7,11,2,20,47,20,958
116500,858,1716,5,52,0,9,8,30,959
272000,2872,4202,6,31,2,7,19,23,960
155000,1548,2352,6,31,2,26,33,13,961
239000,1800,3600,9,2,2,1,22,17,962
214900,1894,2711,7,8,2,19,1,30,963
178900,1484,2267,6,2,2,21,19,13,964
160000,1308,2036,5,69,1,3,4,26,965
135000,1098,2196,5,53,1,12,8,23,966
37900,968,1568,3,99,0,8,34,17,967
140000,1095,1683,6,48,1,12,88,41,968
135000,1192,1912,4,57,0,12,37,22,969
173000,1626,2390,7,6,2,11,47,21,970
99500,918,1836,6,31,1,14,31,24,971
182000,1428,2856,7,1,2,20,10,5,972
167500,2019,2747,7,99,2,9,1,6,973
165000,1382,2055,7,6,2,20,47,43,974
85500,869,1309,4,83,0,9,14,34,975
199900,1241,2482,7,1,2,20,49,45,976
110000,894,1788,4,53,2,18,14,2,977
139000,1121,2242,5,46,2,10,8,26,978
178400,999,1943,7,47,2,12,63,23,979
336000,2612,3837,8,11,3,4,3,21,980
159895,1266,2532,7,1,2,31,10,50,981
255900,2290,3418,8,6,2,1,3,12,982
126000,1734,1734,5,32,2,5,85,31,983
125000,1164,2328,5,58,1,18,57,47,984
117000,1635,2120,6,96,1,8,20,52,985
395192,1940,3870,9,1,3,11,22,24,986
195000,2030,2878,6,31,2,7,19,19,987
197000,1576,2346,7,0,2,20,1,34,988
348000,2392,3788,8,9,3,4,3,52,989
168000,1742,2658,8,127,2,8,3,8,990
187000,1851,2673,6,43,2,12,19,13,991
173900,1500,2250,6,1,2,1,19,34,992
337500,1718,3418,10,3,3,11,50,21,993
121600,1230,1977,4,60,1,9,37,34,994
136500,1050,2100,5,45,1,12,8,53,995
185000,1442,2884,6,39,2,7,2,37,996
91000,1077,2084,3,84,1,15,53,29,997
206000,1208,2395,7,4,2,1,10,30,998
82000,944,944,3,57,2,18,53,21,999
86000,691,1382,5,87,1,29,8,32,1000
232000,1574,3148,8,2,3,6,5,23,1001
136905,1680,3360,5,31,2,7,21,19,1002
181000,1504,2850,7,4,2,31,49,17,1003
149900,985,1970,5,31,1,1,23,54,1004
163500,1657,3314,6,37,2,12,2,35,1005
88000,1092,1638,4,39,1,16,89,31,1006
240000,1710,3420,7,5,2,5,10,46,1007
102000,1522,2016,5,80,0,34,4,52,1008
135000,1271,1991,5,60,1,10,4,47,1009
100000,1664,1664,5,45,0,18,21,20,1010
165000,1502,2104,6,84,1,3,19,7,1011
85000,1022,2044,5,99,1,8,8,26,1012
119200,1082,2164,6,59,1,12,2,45,1013
227000,1665,2475,8,8,2,7,3,8,1014
203000,1504,3008,7,13,2,1,10,26,1015
187500,1360,2580,8,25,2,22,27,31,1016
160000,1472,1856,7,16,2,21,32,2,1017
213490,1506,2868,7,1,2,31,49,43,1018
176000,1132,2264,4,3,2,18,14,16,1019
194000,1220,2419,7,0,2,1,10,11,1020
87000,1248,2160,5,77,1,8,4,35,1021
191000,1504,2850,7,3,2,31,49,12,1022
287000,2898,4463,8,32,2,19,5,12,1023
112500,882,1764,5,35,2,1,8,35,1024
167500,1264,2532,5,50,2,12,8,24,1025
293077,1646,3284,8,1,3,19,5,9,1026
105000,1376,2144,5,66,1,12,4,49,1027
118000,1218,1890,6,34,1,32,41,29,1028
160000,1928,2614,5,90,0,40,56,11,1029
197000,3082,3509,7,89,2,34,58,31,1030
310000,2520,3858,8,13,3,4,3,18,1031
230000,1654,3308,7,4,3,1,10,4,1032
119750,954,1874,5,69,1,3,8,19,1033
84000,845,845,4,52,1,18,14,51,1034
315500,1620,3240,9,2,3,19,22,48,1035
287000,2263,3318,8,7,2,1,3,3,1036
97000,1344,1890,4,39,0,16,84,17,1037
80000,630,1260,4,39,1,16,75,46,1038
155000,1803,2937,5,49,2,10,8,53,1039
173000,1632,2432,6,42,2,7,19,23,1040
196000,1306,2612,6,4,2,11,69,31,1041
262280,2329,3804,7,18,2,14,1,12,1042
278000,2524,5048,8,28,2,7,5,21,1043
139600,1733,1733,3,54,2,18,53,26,1044
556581,2868,4860,9,1,3,22,9,11,1045
145000,990,1980,5,14,2,1,8,1,1046
115000,1771,1771,5,49,2,5,8,8,1047
84900,930,930,4,64,1,18,14,24,1048
176485,1302,2604,7,0,2,21,10,7,1049
200141,1316,2632,7,0,2,1,10,36,1050
165000,1977,2793,6,43,2,12,19,19,1051
144500,1526,2742,5,53,1,18,8,20,1052
255000,1989,3054,8,4,2,1,3,18,1053
180000,1523,2716,6,32,2,7,2,12,1054
185850,1364,2728,7,1,2,11,49,52,1055
248000,1850,2823,7,15,2,4,1,51,1056
335000,2184,3288,9,1,3,11,9,21,1057
220000,1991,2845,6,75,2,3,20,35,1058
213500,1338,2676,8,9,2,22,27,24,1059
81000,894,1788,3,73,3,17,53,47,1060
90000,2337,2999,5,107,2,8,56,55,1061
110500,1103,2206,6,81,2,8,2,11,1062
154000,1154,2308,5,43,2,12,8,8,1063
328000,2260,3566,7,14,2,23,1,24,1064
178000,1571,2370,6,16,2,21,19,17,1065
167900,1611,2391,6,44,2,12,19,16,1066
151400,2521,3463,6,33,2,16,33,52,1067
135000,893,1738,5,58,2,12,39,2,1068
135000,1048,2096,5,51,1,12,8,19,1069
154000,1556,2283,6,41,2,7,19,17,1070
91500,1456,2266,5,58,1,18,4,34,1071
159500,1426,2116,6,32,2,18,19,21,1072
194000,1240,2480,7,1,3,1,10,2,1073
219500,1740,2540,7,67,1,3,1,13,1074
170000,1466,2262,5,70,2,29,4,43,1075
138800,1096,2192,5,37,1,12,8,41,1076
155900,848,1696,6,2,2,30,31,29,1077
126000,990,1980,5,13,1,1,8,49,1078
145000,1258,2516,6,37,2,7,2,42,1079
133000,1040,2080,5,47,1,10,8,39,1080
192000,1459,2918,7,5,2,1,10,55,1081
160000,1251,2502,6,42,1,12,2,41,1082
187500,1498,2189,6,11,2,21,19,11,1083
147000,996,1932,6,18,2,14,62,24,1084
83500,1092,1638,4,37,1,16,89,20,1085
252000,1953,3035,8,4,3,20,3,17,1086
137500,1709,2679,7,2,2,28,47,43,1087
197000,1247,2494,8,1,2,20,27,43,1088
92900,1040,1040,3,59,2,12,60,26,1089
160000,1252,1852,7,9,2,20,47,50,1090
136500,1694,2875,6,83,2,34,20,16,1091
146000,1200,2064,5,41,2,12,8,15,1092
129000,936,1872,5,54,1,12,8,20,1093
176432,1314,2628,6,1,2,1,2,35,1094
127000,1355,2039,6,93,0,15,19,35,1095
170000,1088,2162,8,21,2,22,27,36,1096
128000,1324,1996,4,73,1,13,37,21,1097
157000,1601,2872,7,31,2,7,10,46,1098
60000,438,728,2,89,1,34,78,51,1099
119500,950,1900,5,36,1,12,8,13,1100
135000,1134,2144,5,47,1,12,8,49,1101
159500,1194,1849,6,47,2,12,2,11,1102
106000,1302,1932,5,37,2,32,61,49,1103
325000,2622,4085,8,16,2,4,3,24,1104
179900,1442,2352,7,17,2,14,10,2,1105
274725,2021,2889,7,0,2,21,1,25,1106
181000,1690,2614,6,7,2,21,19,45,1107
280000,1836,3672,8,5,3,11,5,44,1108
188000,1658,2431,6,13,2,21,19,16,1109
205000,1964,2767,7,32,2,7,1,3,1110
129900,816,1632,5,49,1,12,8,11,1111
134500,1008,2016,5,54,1,12,8,2,1112
117000,833,1666,5,52,1,29,8,34,1113
318000,1734,3468,8,0,3,11,5,45,1114
184100,1419,1827,8,7,2,21,79,44,1115
130000,894,1788,5,41,2,10,8,12,1116
140000,1601,2134,5,50,1,10,23,5,1117
133700,1040,2080,5,47,1,12,8,11,1118
118400,1012,2024,6,87,1,15,2,2,1119
212900,1552,3104,7,1,3,1,10,11,1120
112000,960,1632,4,53,1,18,14,6,1121
118000,698,1396,5,62,0,18,8,26,1122
163900,1482,1866,7,15,2,21,32,13,1123
115000,1005,2010,4,54,2,12,14,8,1124
174000,1555,2928,7,2,3,31,49,26,1125
259000,1530,3060,7,3,3,21,10,45,1126
215000,1959,2806,7,3,2,21,1,13,1127
140000,936,1872,5,27,2,8,46,7,1128
135000,1981,3103,4,81,2,34,37,40,1129
93500,974,1948,5,16,0,5,8,55,1130
117500,2210,3218,6,127,1,8,19,2,1131
239500,2020,3148,8,14,2,14,3,26,1132
169000,1600,2516,6,10,2,21,19,7,1133
102000,986,1946,6,81,1,13,2,2,1134
119000,1252,2284,6,58,1,12,20,9,1135
94000,1020,1800,5,135,0,10,4,20,1136
196000,1567,3134,6,32,2,5,2,17,1137
144000,1167,2082,5,87,2,9,8,2,1138
139000,952,1904,5,57,2,12,8,16,1139
197500,1868,2648,5,33,2,7,30,6,1140
424870,2828,4294,8,1,3,1,3,49,1141
80000,1006,2012,5,49,0,10,8,23,1142
80000,924,1596,4,69,1,18,90,38,1143
149000,1576,2618,5,78,1,13,4,34,1144
180000,1298,2596,6,21,2,14,2,29,1145
174500,1564,2268,7,68,1,3,1,21,1146
116900,1111,1683,7,82,1,8,6,47,1147
143000,1482,2132,7,89,2,8,1,21,1148
124000,932,1864,6,57,1,12,2,45,1149
149900,1466,2932,5,47,2,18,8,18,1150
230000,1811,2884,6,50,2,3,2,11,1151
120500,816,1632,6,78,1,15,2,16,1152
201800,1820,2684,7,43,2,12,1,12,1153
218000,1437,2874,5,31,2,2,8,13,1154
179900,1265,2484,5,43,2,12,23,42,1155
230000,1314,2628,7,2,2,11,55,21,1156
235128,1580,3160,8,1,3,6,5,16,1157
185000,1876,2777,6,34,2,7,19,23,1158
146000,1456,2311,6,32,2,26,41,38,1159
224000,1640,2936,6,54,2,3,2,54,1160
129000,894,1788,5,39,2,10,8,2,1161
108959,1258,2456,4,39,2,10,91,10,1162
194000,1432,2792,5,29,2,2,23,19,1163
233170,1502,3004,7,0,2,11,10,48,1164
245350,1694,3388,8,2,3,1,5,30,1165
173000,1671,2630,6,6,2,21,19,4,1166
235000,2108,3235,6,73,2,18,19,23,1167
625000,3627,5557,10,11,3,4,25,11,1168
171000,1118,2214,6,31,1,5,36,23,1169
163000,1261,2522,6,50,2,12,2,54,1170
171900,1250,1875,7,2,2,20,44,50,1171
200500,3086,4205,5,61,0,23,4,35,1172
239000,2345,3297,6,74,2,3,19,11,1173
285000,2872,4555,8,15,2,4,72,49,1174
119500,923,1799,5,24,1,5,8,42,1175
115000,1224,2042,6,83,1,8,20,40,1176
154900,1343,2074,5,88,1,3,4,21,1177
93000,1124,1124,5,52,0,18,8,43,1178
250000,2514,3730,7,16,2,19,1,43,1179
392500,1652,3252,8,0,2,33,27,54,1180
120000,1130,2250,5,86,2,29,8,52,1181
186700,1572,3144,5,44,3,19,8,2,1182
104900,1221,2005,5,82,1,18,4,41,1183
95000,1699,2677,3,109,2,29,92,31,1184
262000,1624,3248,8,12,3,4,5,11,1185
195000,1660,2491,7,7,2,1,1,21,1186
189000,1804,2798,7,11,2,21,1,39,1187
168000,1622,2871,4,46,4,5,81,35,1188
174000,1441,2217,8,8,2,20,24,45,1189
125000,1472,2174,5,82,1,8,4,13,1190
165000,1224,2448,6,10,2,24,31,26,1191
158000,1352,2015,6,41,1,10,19,14,1192
176000,1456,2184,6,3,2,21,19,23,1193
219210,1863,2742,7,0,3,21,1,18,1194
144000,1690,2505,7,90,1,8,82,11,1195
178000,1212,2424,7,8,2,1,10,26,1196
148000,1382,2433,4,43,2,10,14,15,1197
116050,864,1728,4,36,1,12,14,11,1198
197900,1779,2645,7,11,2,1,1,44,1199
117000,1348,2232,5,84,1,13,4,17,1200
213000,1630,3260,7,9,2,1,10,6,1201
153500,1074,2130,5,31,2,7,8,11,1202
271900,2196,4354,7,19,3,14,10,26,1203
107000,1056,2112,4,40,1,36,14,18,1204
200000,1700,3382,6,3,2,1,2,29,1205
140000,1283,2214,5,46,2,12,8,42,1206
290000,1660,3320,8,0,2,6,5,29,1207
189000,1845,2900,6,18,2,14,19,20,1208
164000,1752,2311,8,22,2,21,72,39,1209
113000,672,1344,4,68,1,18,14,31,1210
145000,960,1608,4,41,1,10,93,29,1211
134500,999,1924,5,44,1,12,17,29,1212
125000,894,1788,5,41,1,10,8,2,1213
112000,1902,1902,6,32,2,27,94,24,1214
229456,1314,2614,8,0,2,20,5,48,1215
80500,912,912,4,59,0,13,37,11,1216
91500,1218,1890,6,35,0,32,41,43,1217
115000,912,1824,5,42,1,12,8,18,1218
134000,1211,2163,5,40,1,10,8,47,1219
143000,1846,2886,6,58,1,12,20,32,1220
137900,2136,4272,5,55,2,12,8,15,1221
184000,1490,2278,7,4,2,21,1,1,1222
145000,1138,1726,6,49,1,12,36,19,1223
214000,1933,2827,6,1,3,6,19,10,1224
147000,912,1824,5,43,2,12,8,5,1225
367294,1702,3404,9,0,3,11,16,42,1226
127000,1507,2582,5,48,1,12,23,47,1227
190000,2620,3981,5,30,2,10,85,7,1228
132500,1190,2296,5,44,2,12,95,29,1229
101800,1224,1224,4,45,2,12,12,35,1230
142000,1188,2376,5,51,2,12,8,20,1231
130000,1964,2904,5,97,0,40,30,54,1232
138887,1784,2531,5,92,1,3,30,11,1233
175500,1626,2390,7,7,2,11,47,39,1234
195000,1948,2795,7,2,2,1,1,25,1235
142500,1141,2282,6,1,2,14,2,41,1236
265900,1484,2960,8,1,2,19,5,28,1237
224900,1768,2652,7,5,2,1,1,23,1238
248328,1689,3378,7,0,3,6,10,19,1239
170000,1173,2226,7,36,2,7,63,27,1240
465000,2076,4152,10,0,3,11,50,25,1241
230000,1517,2309,8,77,2,3,3,52,1242
178000,1868,2453,6,23,2,7,36,32,1243
186500,1553,2309,7,1,2,20,1,41,1244
169900,1034,2046,6,34,3,5,36,20,1245
129500,2058,2793,6,91,2,8,59,9,1246
119000,988,1864,5,57,1,12,8,2,1247
244000,2110,4220,7,42,2,12,10,24,1248
171750,1405,2810,7,3,2,11,49,41,1249
130000,874,1738,5,41,1,5,8,8,1250
294000,2167,3359,7,33,2,2,1,13,1251
165400,1656,2402,7,5,2,18,1,23,1252
127500,1367,2251,6,76,1,13,20,45,1253
301500,1987,3973,8,14,2,4,5,47,1254
99900,864,1728,5,87,0,18,8,21,1255
190000,1166,2022,7,3,2,21,32,23,1256
151000,1054,2108,6,39,2,12,2,23,1257
181000,1675,2516,6,10,2,21,19,26,1258
128900,1050,2100,5,53,1,12,8,26,1259
161500,1788,2892,4,52,1,23,37,8,1260
180500,1824,2588,6,88,2,9,19,13,1261
181000,1337,2742,6,10,2,38,31,47,1262
183900,1452,2143,7,7,2,20,44,41,1263
122000,1889,2814,7,97,1,8,96,32,1264
378500,2018,4020,9,2,3,19,22,20,1265
381000,3447,4175,8,73,3,3,72,12,1266
144000,1524,2398,5,49,1,12,4,13,1267
260000,1524,2856,7,31,2,23,10,24,1268
185750,1489,2978,6,41,2,7,2,31,1269
137000,935,1870,5,41,1,10,8,18,1270
177000,1357,2376,6,49,1,18,36,12,1271
139000,1250,1911,5,97,2,3,4,45,1272
137000,1920,2848,5,59,2,12,70,13,1273
162000,1395,2118,6,37,2,7,19,40,1274
197900,1724,3404,6,42,2,7,36,26,1275
237000,2031,3159,8,6,2,1,3,50,1276
68400,1128,1826,4,90,2,17,37,24,1277
227000,1573,3146,7,7,2,1,10,44,1278
180000,1339,2648,7,16,2,19,10,11,1279
150500,1040,2080,5,32,2,1,8,48,1280
139000,1824,2736,6,39,0,5,87,24,1281
169000,2447,3251,6,91,1,34,20,14,1282
132500,1412,2192,6,70,1,13,20,17,1283
143000,1328,2656,6,47,2,7,2,39,1284
190000,1582,3206,5,42,2,23,8,52,1285
278000,1659,3160,8,9,2,22,27,6,1286
281000,1970,3055,8,0,3,11,3,15,1287
180500,1152,2304,5,46,2,12,23,24,1288
119500,1302,1932,5,37,1,32,51,37,1289
107500,2372,3366,5,117,1,8,30,40,1290
162900,1664,2496,7,30,2,7,1,41,1291
115000,864,1728,5,51,2,18,8,43,1292
138500,1052,2104,5,38,1,12,8,18,1293
155000,1128,2248,5,45,2,12,8,5,1294
140000,1072,1619,6,1,2,28,97,52,1295
154000,1246,2492,5,51,1,12,8,20,1296
225000,1983,2961,7,10,2,21,1,17,1297
177500,1494,2265,6,67,1,3,19,8,1298
290000,2526,3691,8,12,3,4,3,22,1299
232000,1616,3232,7,1,3,6,10,43,1300
130000,1708,2684,7,2,2,28,44,43,1301
325000,1652,3304,9,3,2,11,22,8,1302
202500,1368,2736,7,1,2,11,49,25,1303
138000,990,1980,5,15,2,1,8,17,1304
147000,1122,2046,5,60,2,8,8,12,1305
179200,1294,2572,6,17,2,14,2,16,1306
335000,1902,3804,7,51,2,3,10,20,1307
203000,1274,2548,7,2,2,1,10,32,1308
302000,2810,4263,8,17,2,4,3,19,1309
333168,2599,3992,9,11,3,4,9,20,1310
119000,948,1896,4,53,1,18,14,36,1311
206900,2112,3064,6,39,2,12,19,16,1312
295493,1630,3252,8,1,3,1,5,51,1313
208900,1352,2704,7,1,2,20,49,49,1314
275000,1787,3540,8,5,3,1,5,34,1315
111000,948,1812,4,53,1,18,14,33,1316
156500,1478,2956,6,52,2,12,2,26,1317
72500,720,720,3,59,1,9,53,23,1318
190000,1923,2673,7,18,2,4,1,39,1319
82500,708,1128,4,69,0,9,14,40,1320
147000,1795,3590,8,1,3,6,5,33,1321
55000,796,1592,4,86,0,15,14,10,1322
79000,774,1318,3,76,0,41,53,2,1323
130500,816,1632,5,26,1,5,8,42,1324
256000,2792,4302,6,88,2,8,20,16,1325
176500,1632,2567,7,8,2,21,1,52,1326
227000,1588,3176,8,1,3,6,5,28,1327
132500,954,1865,5,30,2,1,23,11,1328
100000,816,1632,4,71,1,18,14,17,1329
125500,1360,2163,5,68,1,15,4,11,1330
125000,1365,2130,5,39,2,32,61,17,1331
167900,1334,2684,6,32,2,7,2,46,1332
135000,1656,3312,5,35,2,7,21,54,1333
52500,693,1386,4,65,0,8,14,41,1334
200000,1861,2777,7,4,2,1,1,52,1335
128500,864,1728,5,34,1,1,8,52,1336
123000,872,1730,4,36,4,12,14,19,1337
155000,1114,2228,6,5,2,14,2,23,1338
228500,2169,3453,8,5,2,1,3,7,1339
177000,1913,2809,6,81,2,3,20,44,1340
155835,1456,2184,7,1,2,1,1,13,1341
108500,960,1920,4,87,1,8,14,13,1342
262500,2156,3724,7,38,2,7,10,52,1343
283463,1776,3508,8,1,3,19,5,2,1344
215000,1494,2976,7,9,2,14,10,7,1345
122000,2358,2837,8,136,0,8,3,5,1346
200000,2634,3882,5,40,4,12,70,31,1347
171000,1716,2574,6,46,2,12,19,50,1348
134900,1176,1874,6,72,2,13,20,21,1349
410000,3238,5271,8,15,3,4,72,14,1350
235000,1865,2857,7,8,3,1,1,16,1351
170000,1920,2490,7,38,2,7,32,25,1352
110000,892,1756,5,42,1,12,8,42,1353
149900,1078,2156,5,39,2,12,8,24,1354
177500,1573,2329,6,10,2,20,41,39,1355
315000,1980,3960,9,2,3,11,22,25,1356
189000,2601,3213,5,87,2,34,30,12,1357
260000,1530,3060,7,4,2,22,10,26,1358
104900,1738,2453,4,89,1,12,37,26,1359
156932,1412,2028,6,1,2,21,19,35,1360
144152,1200,1720,7,1,2,20,44,43,1361
216000,1674,2488,7,10,2,20,1,27,1362
193000,1790,2663,7,9,2,1,1,16,1363
127000,1475,2232,5,29,1,16,61,11,1364
144000,848,1696,6,6,2,30,31,26,1365
232000,1668,3325,8,7,2,1,5,20,1366
105000,1374,2214,4,89,1,29,37,6,1367
165500,1661,2653,6,53,1,12,36,42,1368
274300,2097,3205,7,8,2,1,1,52,1369
466500,2633,5266,10,6,3,4,50,35,1370
250000,1958,2984,7,3,3,20,1,23,1371
239000,1571,3142,8,0,3,19,5,28,1372
91000,790,1558,6,78,1,34,2,9,1373
117000,1604,2588,5,68,2,18,4,21,1374
83000,987,1470,6,33,1,32,41,52,1375
167500,1394,1778,5,2,2,19,23,12,1376
58500,864,1728,3,96,1,18,53,39,1377
237500,2117,3322,6,38,2,12,2,12,1378
157000,1762,2358,7,86,2,8,1,15,1379
112000,1416,2232,5,89,2,10,8,7,1380
105000,1258,1818,6,70,1,18,20,6,1381
125500,1154,1950,4,88,1,15,37,20,1382
250000,2784,4176,7,28,2,7,1,11,1383
136000,2526,3240,6,91,1,8,20,7,1384
377500,1746,3492,9,3,3,21,22,6,1385
131000,1218,1953,6,66,2,13,20,35,1386
235000,1525,3050,7,6,2,1,10,25,1387
124000,1584,3168,5,42,3,12,21,46,1388
123000,900,1764,5,39,1,12,17,22,1389
163000,1912,2394,6,103,2,8,38,9,1390
246578,1500,2856,7,0,3,31,49,15,1391
281213,2482,3576,8,2,3,19,3,33,1392
160000,1687,2434,5,62,2,19,8,39,1393
137500,1513,2452,5,87,1,13,30,2,1394
138000,1904,3112,5,59,1,12,4,17,1395
137450,1608,2584,6,84,1,34,20,6,1396
120000,1158,2020,6,79,1,13,20,23,1397
193000,1593,2432,6,4,2,21,19,9,1398
193879,1294,2580,7,0,2,1,10,11,1399
282922,1464,2949,8,0,3,6,5,7,1400
105000,1214,1886,3,91,3,29,34,53,1401
275000,1646,3240,8,4,2,33,27,10,1402
133000,768,1536,5,37,2,1,17,44,1403
112000,833,1666,5,24,0,5,8,44,1404
125500,1363,1985,4,100,2,8,15,39,1405
215000,2093,2884,7,22,2,7,1,54,1406
230000,1840,2784,7,8,2,1,1,26,1407
140000,1668,2524,6,59,1,12,20,48,1408
90000,1040,1040,4,60,2,12,12,26,1409
257000,1844,3688,8,4,2,14,5,48,1410
207000,1848,2681,6,85,2,9,20,16,1411
175900,1569,2955,7,2,3,31,49,17,1412
122500,2290,3067,4,125,2,8,18,24,1413
340000,2450,3734,8,11,3,4,3,17,1414
124000,1144,2288,5,45,1,12,8,47,1415
223000,1844,3688,6,37,2,3,2,22,1416
179900,1416,2124,6,38,2,7,19,29,1417
127500,1069,2138,6,33,2,26,31,38,1418
136500,848,1696,6,5,2,30,31,50,1419
274970,2201,2898,6,40,2,18,36,34,1420
144000,1344,2368,5,49,1,12,8,19,1421
142000,1252,2504,6,49,2,12,2,42,1422
271000,2127,3350,7,14,2,4,1,47,1423
140000,1558,2471,5,63,1,12,4,9,1424
119000,804,1592,5,70,1,8,8,30,1425
182900,1440,2880,6,26,2,7,2,49,1426
192140,1838,2570,5,1,2,21,30,11,1427
143750,958,1916,6,33,2,26,31,6,1428
64500,968,1624,4,80,1,29,14,7,1429
186500,1792,2728,6,8,2,21,19,12,1430
160000,1126,2252,5,29,2,5,8,29,1431
174000,1537,2856,6,46,2,12,2,23,1432
120500,864,1728,4,36,2,12,14,2,1433
394617,1932,3864,8,0,3,11,5,54,1434
149700,1236,2148,6,53,2,8,2,24,1435
197000,1725,2264,7,28,2,7,32,45,1436
191000,2555,2759,6,86,2,3,48,3,1437
149300,848,1696,6,4,2,30,31,12,1438
310000,2007,3024,10,1,3,20,25,46,1439
121000,952,1904,6,93,1,9,65,17,1440
179600,1422,2844,7,3,2,1,10,45,1441
129000,913,1727,6,41,1,10,62,2,1442
157900,1188,2376,5,48,1,5,8,24,1443
240000,2090,3310,8,12,2,1,3,28,1444
112000,1346,1906,4,97,1,18,15,2,1445
92000,630,1260,5,36,0,16,98,34,1446
136000,1792,2688,5,35,0,12,70,48,1447
287090,1578,3151,8,1,3,6,5,17,1448
145000,1072,1619,5,1,2,28,99,29,1449
84500,1140,2280,5,0,0,5,8,11,1450
185000,1221,2442,7,5,2,20,10,6,1451
175000,1647,2600,6,8,2,21,19,7,1452
210000,2073,3615,6,32,2,7,2,30,1453
266500,2340,3492,7,69,1,3,1,20,1454
142125,1078,2156,5,60,1,12,8,24,1455
147500,1256,2512,5,43,1,18,8,16,1456
